{
    "city": 1,
    "initialStart": [
        18.02695,
        59.34248
    ],
    "trips": [
        {
            "summary": {
                "distance": 567.6,
                "duration": 121.4
            },
            "user": {
                "id": 1,
                "token": "eyJhbGciOiJIUzI1NiIsInR5cCI6IkpXVCJ9.eyJpZCI6MSwicm9sZSI6InVzZXIiLCJpYXQiOjE3MDU4NjM0NDEsImV4cCI6MTczNzM5OTQ0MX0.lK2ToJAUg-Z6-Rkd4PMMISmlndUO5JxWzzZyrrZN8X0"
            },
            "coords": [
                [
                    18.02695,
                    59.34248
                ],
                [
                    18.02698,
                    59.34247
                ],
                [
                    18.02712,
                    59.34244
                ],
                [
                    18.03072,
                    59.34142
                ],
                [
                    18.03113,
                    59.34221
                ],
                [
                    18.03117,
                    59.34228
                ],
                [
                    18.03123,
                    59.34241
                ],
                [
                    18.03163,
                    59.34317
                ],
                [
                    18.03148,
                    59.34322
                ],
                [
                    18.03124,
                    59.34325
                ],
                [
                    18.03063,
                    59.34342
                ],
                [
                    18.03058,
                    59.34346
                ],
                [
                    18.03058,
                    59.34351
                ],
                [
                    18.03064,
                    59.34356
                ],
                [
                    18.03015,
                    59.3437
                ]
            ]
        },
        {
            "summary": {
                "distance": 321.2,
                "duration": 61.7
            },
            "user": {
                "id": 2,
                "token": "eyJhbGciOiJIUzI1NiIsInR5cCI6IkpXVCJ9.eyJpZCI6Miwicm9sZSI6InVzZXIiLCJpYXQiOjE3MDU4NjM0NDEsImV4cCI6MTczNzM5OTQ0MX0._mjynZt10uOhTvW2AqYM9TBbPwW4-jqTaW2fG_WdUhI"
            },
            "coords": [
                [
                    18.03015,
                    59.3437
                ],
                [
                    18.03064,
                    59.34356
                ],
                [
                    18.03058,
                    59.34351
                ],
                [
                    18.03058,
                    59.34346
                ],
                [
                    18.03063,
                    59.34342
                ],
                [
                    18.03124,
                    59.34325
                ],
                [
                    18.03148,
                    59.34322
                ],
                [
                    18.03163,
                    59.34317
                ],
                [
                    18.03123,
                    59.34241
                ],
                [
                    18.03117,
                    59.34228
                ],
                [
                    18.03113,
                    59.34221
                ],
                [
                    18.03072,
                    59.34142
                ],
                [
                    18.03069,
                    59.34136
                ]
            ]
        }
    ]
}