{
    "city": 1,
    "initialStart": [
        18.03036,
        59.34468
    ],
    "trips": [
        {
            "summary": {
                "distance": 662.2,
                "duration": 108.4
            },
            "user": {
                "id": 3,
                "token": "eyJhbGciOiJIUzI1NiIsInR5cCI6IkpXVCJ9.eyJpZCI6Mywicm9sZSI6InVzZXIiLCJpYXQiOjE3MDU4NjM0NDIsImV4cCI6MTczNzM5OTQ0Mn0.-IGYJMtQ9i2j7NuealUmNJiQKvoDGFdTK4CJegwMNBY"
            },
            "coords": [
                [
                    18.03036,
                    59.34468
                ],
                [
                    18.02908,
                    59.34413
                ],
                [
                    18.02759,
                    59.34349
                ],
                [
                    18.02748,
                    59.34347
                ],
                [
                    18.02738,
                    59.34357
                ],
                [
                    18.02719,
                    59.34361
                ],
                [
                    18.02675,
                    59.34362
                ],
                [
                    18.02655,
                    59.34364
                ],
                [
                    18.02638,
                    59.34368
                ],
                [
                    18.026,
                    59.34381
                ],
                [
                    18.02569,
                    59.344
                ],
                [
                    18.02545,
                    59.34418
                ],
                [
                    18.02532,
                    59.34427
                ],
                [
                    18.02506,
                    59.34452
                ],
                [
                    18.02491,
                    59.34482
                ],
                [
                    18.02477,
                    59.34521
                ],
                [
                    18.02465,
                    59.34539
                ],
                [
                    18.02444,
                    59.34553
                ],
                [
                    18.02466,
                    59.34551
                ],
                [
                    18.0248,
                    59.34545
                ],
                [
                    18.02504,
                    59.34518
                ],
                [
                    18.0251,
                    59.34505
                ],
                [
                    18.02518,
                    59.3448
                ],
                [
                    18.02526,
                    59.3447
                ],
                [
                    18.0255,
                    59.34451
                ]
            ]
        },
        {
            "summary": {
                "distance": 467.6,
                "duration": 89.6
            },
            "user": {
                "id": 4,
                "token": "eyJhbGciOiJIUzI1NiIsInR5cCI6IkpXVCJ9.eyJpZCI6NCwicm9sZSI6InVzZXIiLCJpYXQiOjE3MDU4NjM0NDIsImV4cCI6MTczNzM5OTQ0Mn0.2mX1ZjgdIGOHnDVzAJPohzCEEU94jgmuJUoH4fiRNPA"
            },
            "coords": [
                [
                    18.0255,
                    59.34451
                ],
                [
                    18.02526,
                    59.3447
                ],
                [
                    18.02518,
                    59.3448
                ],
                [
                    18.0251,
                    59.34505
                ],
                [
                    18.02504,
                    59.34518
                ],
                [
                    18.0248,
                    59.34545
                ],
                [
                    18.02466,
                    59.34551
                ],
                [
                    18.02444,
                    59.34553
                ],
                [
                    18.02424,
                    59.34565
                ],
                [
                    18.02393,
                    59.34578
                ],
                [
                    18.0237,
                    59.34588
                ],
                [
                    18.02321,
                    59.34606
                ],
                [
                    18.02312,
                    59.34609
                ],
                [
                    18.0228,
                    59.34622
                ],
                [
                    18.0223,
                    59.34641
                ],
                [
                    18.02227,
                    59.34639
                ],
                [
                    18.02208,
                    59.34623
                ],
                [
                    18.02209,
                    59.34617
                ],
                [
                    18.02291,
                    59.34582
                ],
                [
                    18.02226,
                    59.3454
                ],
                [
                    18.02211,
                    59.34529
                ],
                [
                    18.02214,
                    59.34525
                ],
                [
                    18.0221,
                    59.34522
                ]
            ]
        }
    ]
}