{
    "city": 1,
    "initialStart": [
        18.06335,
        59.32988
    ],
    "trips": [
        {
            "summary": {
                "distance": 987.7,
                "duration": 162.3
            },
            "user": {
                "id": 5,
                "token": "eyJhbGciOiJIUzI1NiIsInR5cCI6IkpXVCJ9.eyJpZCI6NSwicm9sZSI6InVzZXIiLCJpYXQiOjE3MDU4NjM0NDIsImV4cCI6MTczNzM5OTQ0Mn0.ZqLg2GdBwCLuOIWXaf5Gf0z6sGXtIsx9ItrXsboSz_I"
            },
            "coords": [
                [
                    18.06335,
                    59.32988
                ],
                [
                    18.06447,
                    59.33017
                ],
                [
                    18.06407,
                    59.33057
                ],
                [
                    18.06355,
                    59.33044
                ],
                [
                    18.06251,
                    59.33017
                ],
                [
                    18.06236,
                    59.33012
                ],
                [
                    18.0623,
                    59.33018
                ],
                [
                    18.062,
                    59.33048
                ],
                [
                    18.0619,
                    59.33052
                ],
                [
                    18.06176,
                    59.33052
                ],
                [
                    18.06135,
                    59.33042
                ],
                [
                    18.06115,
                    59.33037
                ],
                [
                    18.061,
                    59.33045
                ],
                [
                    18.06049,
                    59.33098
                ],
                [
                    18.06044,
                    59.33101
                ],
                [
                    18.06037,
                    59.33101
                ],
                [
                    18.06029,
                    59.33099
                ],
                [
                    18.05946,
                    59.33078
                ],
                [
                    18.05937,
                    59.33076
                ],
                [
                    18.05928,
                    59.33075
                ],
                [
                    18.05911,
                    59.33071
                ],
                [
                    18.05904,
                    59.3307
                ],
                [
                    18.05914,
                    59.33059
                ],
                [
                    18.05984,
                    59.3298
                ],
                [
                    18.05986,
                    59.32977
                ],
                [
                    18.05996,
                    59.32967
                ],
                [
                    18.06078,
                    59.32878
                ],
                [
                    18.06084,
                    59.32867
                ],
                [
                    18.06083,
                    59.32858
                ],
                [
                    18.06098,
                    59.32853
                ],
                [
                    18.06104,
                    59.32851
                ],
                [
                    18.0611,
                    59.32848
                ],
                [
                    18.06147,
                    59.32833
                ],
                [
                    18.06161,
                    59.32828
                ],
                [
                    18.06143,
                    59.32827
                ],
                [
                    18.06064,
                    59.32817
                ],
                [
                    18.05949,
                    59.32803
                ],
                [
                    18.0595,
                    59.328
                ],
                [
                    18.05952,
                    59.32796
                ],
                [
                    18.0597,
                    59.32797
                ],
                [
                    18.05986,
                    59.32789
                ],
                [
                    18.06016,
                    59.32777
                ]
            ]
        },
        {
            "summary": {
                "distance": 200.7,
                "duration": 58.2
            },
            "user": {
                "id": 6,
                "token": "eyJhbGciOiJIUzI1NiIsInR5cCI6IkpXVCJ9.eyJpZCI6Niwicm9sZSI6InVzZXIiLCJpYXQiOjE3MDU4NjM0NDIsImV4cCI6MTczNzM5OTQ0Mn0.bB25gw-sXLPMkgb7JdzfCd6QmP5Qf66RX3ClSHT33kY"
            },
            "coords": [
                [
                    18.06016,
                    59.32777
                ],
                [
                    18.05986,
                    59.32789
                ],
                [
                    18.0597,
                    59.32797
                ],
                [
                    18.05952,
                    59.32796
                ],
                [
                    18.0595,
                    59.328
                ],
                [
                    18.05949,
                    59.32803
                ],
                [
                    18.05905,
                    59.32798
                ],
                [
                    18.05886,
                    59.32798
                ],
                [
                    18.05819,
                    59.32808
                ],
                [
                    18.05802,
                    59.32812
                ],
                [
                    18.05798,
                    59.32813
                ],
                [
                    18.05796,
                    59.32811
                ],
                [
                    18.05806,
                    59.32808
                ],
                [
                    18.05833,
                    59.32799
                ],
                [
                    18.05846,
                    59.32773
                ]
            ]
        }
    ]
}