{
    "city": 1,
    "initialStart": [
        18.06972,
        59.33259
    ],
    "trips": [
        {
            "summary": {
                "distance": 371.1,
                "duration": 63.6
            },
            "user": {
                "id": 7,
                "token": "eyJhbGciOiJIUzI1NiIsInR5cCI6IkpXVCJ9.eyJpZCI6Nywicm9sZSI6InVzZXIiLCJpYXQiOjE3MDU4NjM0NDIsImV4cCI6MTczNzM5OTQ0Mn0.ZlJBQmaHwSNQu9Zf2saqn69A0Lnv9forsE7muKDXQ5I"
            },
            "coords": [
                [
                    18.06972,
                    59.33259
                ],
                [
                    18.06954,
                    59.33258
                ],
                [
                    18.06952,
                    59.33263
                ],
                [
                    18.06996,
                    59.33264
                ],
                [
                    18.07135,
                    59.33271
                ],
                [
                    18.07161,
                    59.33276
                ],
                [
                    18.07169,
                    59.33268
                ],
                [
                    18.07195,
                    59.33225
                ],
                [
                    18.072,
                    59.33217
                ],
                [
                    18.07203,
                    59.33211
                ],
                [
                    18.07206,
                    59.33207
                ],
                [
                    18.07244,
                    59.33142
                ],
                [
                    18.07248,
                    59.33136
                ],
                [
                    18.07258,
                    59.33138
                ],
                [
                    18.07371,
                    59.33156
                ]
            ]
        },
        {
            "summary": {
                "distance": 578.3,
                "duration": 94.6
            },
            "user": {
                "id": 8,
                "token": "eyJhbGciOiJIUzI1NiIsInR5cCI6IkpXVCJ9.eyJpZCI6OCwicm9sZSI6InVzZXIiLCJpYXQiOjE3MDU4NjM0NDIsImV4cCI6MTczNzM5OTQ0Mn0.CmVsZYSoGkVlF0gaNwl_CvsvCO304s48I3WA1EQWG7M"
            },
            "coords": [
                [
                    18.07371,
                    59.33156
                ],
                [
                    18.07258,
                    59.33138
                ],
                [
                    18.07248,
                    59.33136
                ],
                [
                    18.07289,
                    59.33061
                ],
                [
                    18.07291,
                    59.33056
                ],
                [
                    18.07284,
                    59.33055
                ],
                [
                    18.07267,
                    59.33049
                ],
                [
                    18.07241,
                    59.33044
                ],
                [
                    18.07201,
                    59.33037
                ],
                [
                    18.07162,
                    59.33032
                ],
                [
                    18.07127,
                    59.33026
                ],
                [
                    18.06994,
                    59.32997
                ],
                [
                    18.06955,
                    59.32987
                ],
                [
                    18.06913,
                    59.32971
                ],
                [
                    18.06897,
                    59.32967
                ],
                [
                    18.06883,
                    59.3296
                ],
                [
                    18.0687,
                    59.32972
                ],
                [
                    18.0686,
                    59.33011
                ],
                [
                    18.06854,
                    59.3302
                ],
                [
                    18.06846,
                    59.33032
                ],
                [
                    18.06844,
                    59.33042
                ],
                [
                    18.06843,
                    59.33048
                ],
                [
                    18.06839,
                    59.33077
                ],
                [
                    18.06858,
                    59.33079
                ],
                [
                    18.06875,
                    59.33079
                ]
            ]
        }
    ]
}