{
    "city": 1,
    "initialStart": [
        18.04323,
        59.31815
    ],
    "trips": [
        {
            "summary": {
                "distance": 474.5,
                "duration": 89.6
            },
            "user": {
                "id": 9,
                "token": "eyJhbGciOiJIUzI1NiIsInR5cCI6IkpXVCJ9.eyJpZCI6OSwicm9sZSI6InVzZXIiLCJpYXQiOjE3MDU4NjM0NDMsImV4cCI6MTczNzM5OTQ0M30.vXxdFBvjyqNjjiySGbueb3opwxS3C19ykv5zs4-E650"
            },
            "coords": [
                [
                    18.04323,
                    59.31815
                ],
                [
                    18.04324,
                    59.31812
                ],
                [
                    18.04186,
                    59.31795
                ],
                [
                    18.04164,
                    59.31837
                ],
                [
                    18.04161,
                    59.31843
                ],
                [
                    18.04153,
                    59.31862
                ],
                [
                    18.04153,
                    59.31866
                ],
                [
                    18.04158,
                    59.31869
                ],
                [
                    18.04321,
                    59.31923
                ],
                [
                    18.04321,
                    59.31939
                ],
                [
                    18.04391,
                    59.31963
                ],
                [
                    18.04411,
                    59.31966
                ],
                [
                    18.0442,
                    59.31968
                ],
                [
                    18.04452,
                    59.31977
                ],
                [
                    18.0448,
                    59.31986
                ],
                [
                    18.04542,
                    59.32007
                ],
                [
                    18.04588,
                    59.32019
                ]
            ]
        },
        {
            "summary": {
                "distance": 424.9,
                "duration": 116.6
            },
            "user": {
                "id": 10,
                "token": "eyJhbGciOiJIUzI1NiIsInR5cCI6IkpXVCJ9.eyJpZCI6MTAsInJvbGUiOiJ1c2VyIiwiaWF0IjoxNzA1ODYzNDQzLCJleHAiOjE3MzczOTk0NDN9.D5imK73JaULfe09PRFbQiggNpDroHlbeCLuI68t3g_Y"
            },
            "coords": [
                [
                    18.04588,
                    59.32019
                ],
                [
                    18.04598,
                    59.32022
                ],
                [
                    18.04647,
                    59.32036
                ],
                [
                    18.04671,
                    59.32043
                ],
                [
                    18.04692,
                    59.32052
                ],
                [
                    18.04697,
                    59.32054
                ],
                [
                    18.04701,
                    59.32056
                ],
                [
                    18.0472,
                    59.32063
                ],
                [
                    18.04856,
                    59.32076
                ],
                [
                    18.04972,
                    59.32092
                ],
                [
                    18.04976,
                    59.32094
                ],
                [
                    18.04976,
                    59.32097
                ],
                [
                    18.04973,
                    59.32101
                ],
                [
                    18.0497,
                    59.32106
                ],
                [
                    18.04967,
                    59.32112
                ],
                [
                    18.04963,
                    59.32119
                ],
                [
                    18.047,
                    59.32096
                ],
                [
                    18.04691,
                    59.32096
                ]
            ]
        }
    ]
}